[{"costumerid":"19","costumername":"shyam","costumeraddress":"bagbazaar","costumerdetail":"nayabazaar","id":"1"},
{"costumerid":"21","costumername":"suresh","costumeraddress":"basundhara","costumerdetail":"student","id":"1"},
{"costumerid":"22","costumername":"qqqqq","costumeraddress":"maha sanchar","costumerdetail":"sssss","id":"1"},
{"costumerid":"23","costumername":"krishna gopal shrestha from kathmandu","costumeraddress":"bombay","costumerdetail":"actor","id":"2"},
{"costumerid":"24","costumername":"shyam","costumeraddress":"thamel","costumerdetail":"rtyrt","id":"1"},
{"costumerid":"25","costumername":"dkfmdskl","costumeraddress":"sdfds","costumerdetail":"dfssdf","id":"1"},
{"costumerid":"29","costumername":"abc","costumeraddress":"ghi","costumerdetail":"def","id":"2"},
{"costumerid":"31","costumername":"chanda","costumeraddress":"xyz","costumerdetail":"abc","id":"1"},
{"costumerid":"32","costumername":"chandra","costumeraddress":"kavresthali","costumerdetail":"student","id":"1"},
{"costumerid":"33","costumername":"werty","costumeraddress":"qwerty","costumerdetail":"fgdfg","id":"1"},
{"costumerid":"36","costumername":"krishna","costumeraddress":"kathmandu","costumerdetail":"kasjuhdjk","id":"2"},
{"costumerid":"37","costumername":"krishna","costumeraddress":"kathmandu","costumerdetail":"kasjuhdjk","id":"1"}
]
